Net Profit: All,Net Profit %: All,Net Profit: Long,Net Profit %: Long,Net Profit: Short,Net Profit %: Short,Gross Profit: All,Gross Profit %: All,Gross Profit: Long,Gross Profit %: Long,Gross Profit: Short,Gross Profit %: Short,Gross Loss: All,Gross Loss %: All,Gross Loss: Long,Gross Loss %: Long,Gross Loss: Short,Gross Loss %: Short,Max Run-up,Max Run-up %,Max Drawdown,Max Drawdown %,Buy & Hold Return,Buy & Hold Return %,Sharpe Ratio,Sortino Ratio,Profit Factor: All,Profit Factor: Long,Profit Factor: Short,Max Contracts Held: All,Max Contracts Held: Long,Max Contracts Held: Short,Open PL,Open PL %,Commission Paid: All,Commission Paid: Long,Commission Paid: Short,Total Closed Trades: All,Total Closed Trades: Long,Total Closed Trades: Short,Total Open Trades: All,Total Open Trades: Long,Total Open Trades: Short,Number Winning Trades: All,Number Winning Trades: Long,Number Winning Trades: Short,Number Losing Trades: All,Number Losing Trades: Long,Number Losing Trades: Short,Percent Profitable: All,Percent Profitable: Long,Percent Profitable: Short,Avg Trade: All,Avg Trade %: All,Avg Trade: Long,Avg Trade %: Long,Avg Trade: Short,Avg Trade %: Short,Avg Winning Trade: All,Avg Winning Trade %: All,Avg Winning Trade: Long,Avg Winning Trade %: Long,Avg Winning Trade: Short,Avg Winning Trade %: Short,Avg Losing Trade: All,Avg Losing Trade %: All,Avg Losing Trade: Long,Avg Losing Trade %: Long,Avg Losing Trade: Short,Avg Losing Trade %: Short,Ratio Avg Win / Avg Loss: All,Ratio Avg Win / Avg Loss: Long,Ratio Avg Win / Avg Loss: Short,Largest Winning Trade: All,Largest Winning Trade %: All,Largest Winning Trade: Long,Largest Winning Trade %: Long,Largest Winning Trade: Short,Largest Winning Trade %: Short,Largest Losing Trade: All,Largest Losing Trade %: All,Largest Losing Trade: Long,Largest Losing Trade %: Long,Largest Losing Trade: Short,Largest Losing Trade %: Short,Avg # Bars in Trades: All,Avg # Bars in Trades: Long,Avg # Bars in Trades: Short,Avg # Bars in Winning Trades: All,Avg # Bars in Winning Trades: Long,Avg # Bars in Winning Trades: Short,Avg # Bars in Losing Trades: All,Avg # Bars in Losing Trades: Long,Avg # Bars in Losing Trades: Short,__Start Year,__Start Month,__Start Day,__Direction,__Enable EMA & ADX Filters,__Take Profit:,__Stop Loss:,__EMA Trend 1,__EMA Trend 2,__Filter Value,__DI Length,__ADX Smoothing,__Period,__Factor,__Show Trendlines,__Enable Signals,__Trend Direction,__Slope Value,comment
173.25,173.25,72.65,72.65,100.59,100.59,395.95,395.95,214.31,214.31,181.64,181.64,222.7,222.7,141.65,141.65,81.05,81.05,202.11,73.96,81.64,49.07,21.19,21.19,0.25,0.42,1.78,1.51,2.24,0,0,0,0,0,78.73,45.09,33.65,35,20,15,0,0,0,24,13,11,11,7,4,68.57,65,73.33,4.95,0.33,3.63,0.24,6.71,0.45,16.5,1.1,16.49,1.1,16.51,1.1,20.25,1.35,20.24,1.35,20.26,1.35,0.82,0.82,0.82,16.51,1.1,16.49,1.1,16.51,1.1,20.26,1.35,20.24,1.35,20.26,1.35,70,52,94,66,46,90,78,64,103,2022,5,1,all,TRUE,1.25,1.2,33,100,28,27,25,50,1,TRUE,TRUE,TRUE,0,"Changed ""DI Length"": 21 => 27."
104.99,104.99,48.67,48.67,56.32,56.32,428.95,428.95,230.79,230.79,198.15,198.15,323.96,323.96,182.12,182.12,141.83,141.83,142.08,68.56,105.86,63.62,21.18,21.18,0.2,0.31,1.32,1.27,1.4,0,0,0,0,0,94.49,51.82,42.67,42,23,19,0,0,0,26,14,12,16,9,7,61.9,60.87,63.16,2.5,0.17,2.12,0.14,2.96,0.2,16.5,1.1,16.49,1.1,16.51,1.1,20.25,1.35,20.24,1.35,20.26,1.35,0.82,0.82,0.82,16.51,1.1,16.49,1.1,16.51,1.1,20.26,1.35,20.24,1.35,20.26,1.35,67,49,88,64,47,84,70,52,94,2022,5,1,all,TRUE,1.25,1.2,33,100,28,21,25,50,1,TRUE,TRUE,TRUE,0,"Changed ""Period"": 200 => 50."
90.74,90.74,43.43,43.43,47.31,47.31,313.46,313.46,164.85,164.85,148.62,148.62,222.72,222.72,121.41,121.41,101.31,101.31,162.34,81.91,91.93,79.69,21.6,21.6,0.19,0.3,1.41,1.36,1.47,0,0,0,0,0,67.49,36.06,31.44,30,16,14,0,0,0,19,10,9,11,6,5,63.33,62.5,64.29,3.02,0.2,2.71,0.18,3.38,0.23,16.5,1.1,16.48,1.1,16.51,1.1,20.25,1.35,20.24,1.35,20.26,1.35,0.82,0.82,0.82,16.51,1.1,16.49,1.1,16.51,1.1,20.26,1.35,20.24,1.35,20.26,1.35,73,54,95,70,50,92,79,62,100,2022,5,1,all,TRUE,1.25,1.2,33,100,28,21,25,200,1,TRUE,TRUE,TRUE,0,"Changed ""Filter Value"": 40 => 28."
90.74,90.74,43.43,43.43,47.31,47.31,313.46,313.46,164.85,164.85,148.62,148.62,222.72,222.72,121.41,121.41,101.31,101.31,162.34,81.91,91.93,79.69,21.61,21.61,0.19,0.3,1.41,1.36,1.47,0,0,0,0,0,67.49,36.06,31.44,30,16,14,0,0,0,19,10,9,11,6,5,63.33,62.5,64.29,3.02,0.2,2.71,0.18,3.38,0.23,16.5,1.1,16.48,1.1,16.51,1.1,20.25,1.35,20.24,1.35,20.26,1.35,0.82,0.82,0.82,16.51,1.1,16.49,1.1,16.51,1.1,20.26,1.35,20.24,1.35,20.26,1.35,73,54,95,70,50,92,79,62,100,2022,5,1,all,TRUE,1.25,1.2,33,100,28,25,25,50,1,TRUE,TRUE,TRUE,0,"Changed ""DI Length"": 27 => 25."
88.48,88.48,48.67,48.67,39.81,39.81,412.43,412.43,230.79,230.79,181.64,181.64,323.96,323.96,182.12,182.12,141.83,141.83,142.08,74.5,105.86,70.64,21.2,21.2,0.18,0.29,1.27,1.27,1.28,0,0,0,0,0,92.26,51.82,40.44,41,23,18,0,0,0,25,14,11,16,9,7,60.98,60.87,61.11,2.16,0.14,2.12,0.14,2.21,0.15,16.5,1.1,16.49,1.1,16.51,1.1,20.25,1.35,20.24,1.35,20.26,1.35,0.82,0.82,0.82,16.51,1.1,16.49,1.1,16.51,1.1,20.26,1.35,20.24,1.35,20.26,1.35,67,49,89,65,47,87,70,52,94,2022,5,1,all,TRUE,1.25,1.2,33,100,28,21,19,200,1,TRUE,TRUE,TRUE,0,"Changed ""ADX Smoothing"": 25 => 19."
83.3,83.3,2.96,2.96,80.33,80.33,346.49,346.49,164.85,164.85,181.65,181.65,263.2,263.2,161.89,161.89,101.31,101.31,171.35,91.62,121.19,100.44,21.27,21.27,0.2,0.35,1.32,1.02,1.79,0,0,0,0,0,76.44,40.53,35.91,34,18,16,0,0,0,21,10,11,13,8,5,61.76,55.56,68.75,2.45,0.16,0.16,0.01,5.02,0.33,16.5,1.1,16.48,1.1,16.51,1.1,20.25,1.35,20.24,1.35,20.26,1.35,0.82,0.82,0.82,16.51,1.1,16.49,1.1,16.51,1.1,20.26,1.35,20.24,1.35,20.26,1.35,67,49,88,63,41,82,74,58,100,2022,5,1,all,TRUE,1.25,1.2,33,100,28,21,19,200,1,TRUE,TRUE,TRUE,0,"Changed ""ADX Smoothing"": 25 => 19."
74.23,74.23,43.43,43.43,30.8,30.8,296.95,296.95,164.85,164.85,132.1,132.1,222.72,222.72,121.41,121.41,101.31,101.31,145.82,80.27,91.93,79.69,21.61,21.61,0.18,0.28,1.33,1.36,1.3,0,0,0,0,0,65.26,36.06,29.2,29,16,13,0,0,0,18,10,8,11,6,5,62.07,62.5,61.54,2.56,0.17,2.71,0.18,2.37,0.16,16.5,1.1,16.48,1.1,16.51,1.1,20.25,1.35,20.24,1.35,20.26,1.35,0.82,0.82,0.82,16.51,1.1,16.49,1.1,16.51,1.1,20.26,1.35,20.24,1.35,20.26,1.35,75,54,101,73,50,102,79,62,100,2022,5,1,all,TRUE,1.25,1.2,33,100,28,28,25,200,1,TRUE,TRUE,TRUE,0,"Changed ""DI Length"": 21 => 28."
66.75,66.75,23.19,23.19,43.56,43.56,329.98,329.98,164.85,164.85,165.13,165.13,263.22,263.22,141.65,141.65,121.57,121.57,139.81,71.9,76.96,57.7,21.49,21.49,0.17,0.26,1.25,1.16,1.36,0,0,0,0,0,74.23,38.29,35.94,33,17,16,0,0,0,20,10,10,13,7,6,60.61,58.82,62.5,2.02,0.13,1.36,0.09,2.72,0.18,16.5,1.1,16.48,1.1,16.51,1.1,20.25,1.35,20.24,1.35,20.26,1.35,0.82,0.82,0.82,16.51,1.1,16.49,1.1,16.51,1.1,20.26,1.35,20.24,1.35,20.26,1.35,73,56,92,70,52,89,78,62,97,2022,5,1,all,TRUE,1.25,1.2,33,100,28,25,25,50,1,TRUE,TRUE,TRUE,0,"Changed ""ADX Smoothing"": 21 => 25."
62.25,62.25,29.22,29.22,33.02,33.02,82.48,82.48,49.46,49.46,33.02,33.02,20.23,20.23,20.23,20.23,0,0,83.6,51.53,21.1,21.34,17.99,17.99,0.27,0.52,4.08,2.44,N/A,0,0,0,0,0,13.5,9.03,4.47,6,4,2,0,0,0,5,3,2,1,1,0,83.33,75,100,10.37,0.69,7.31,0.49,16.51,1.1,16.5,1.1,16.49,1.1,16.51,1.1,20.23,1.35,20.23,1.35,N/A,,0.82,0.82,N/A,16.51,1.1,16.49,1.1,16.51,1.1,20.23,1.35,20.23,1.35,N/A,,26,18,44,26,15,44,25,25,0,2022,5,1,all,TRUE,1.25,1.2,41,100,28,21,27,200,1,TRUE,TRUE,TRUE,0,"Changed ""EMA Trend 1"": 100 => 41."
50.27,50.27,6.71,6.71,43.56,43.56,313.49,313.49,148.36,148.36,165.13,165.13,263.22,263.22,141.65,141.65,121.57,121.57,125.59,70.58,76.96,65.83,21.64,21.64,0.15,0.23,1.19,1.05,1.36,0,0,0,0,0,71.97,36.03,35.94,32,16,16,0,0,0,19,9,10,13,7,6,59.38,56.25,62.5,1.57,0.1,0.42,0.03,2.72,0.18,16.5,1.1,16.48,1.1,16.51,1.1,20.25,1.35,20.24,1.35,20.26,1.35,0.82,0.82,0.82,16.51,1.1,16.49,1.1,16.51,1.1,20.26,1.35,20.24,1.35,20.26,1.35,75,57,92,72,54,89,78,62,97,2022,5,1,all,TRUE,1.25,1.2,33,100,28,25,21,50,1,TRUE,TRUE,TRUE,0,"Changed ""ADX Smoothing"": 25 => 21."
45.79,45.79,-3.75,-3.75,49.54,49.54,66.02,66.02,16.49,16.49,49.54,49.54,20.23,20.23,20.23,20.23,0,0,50.63,34.73,25.97,22.51,19.37,19.37,0.23,0.46,3.26,0.82,N/A,0,0,0,0,0,11.21,4.5,6.71,5,2,3,0,0,0,4,1,3,1,1,0,80,50,100,9.16,0.61,-1.87,-0.13,16.51,1.1,16.51,1.1,16.49,1.1,16.51,1.1,20.23,1.35,20.23,1.35,N/A,,0.82,0.82,N/A,16.51,1.1,16.49,1.1,16.51,1.1,20.23,1.35,20.23,1.35,N/A,,39,20,52,43,15,52,25,25,0,2022,5,1,all,TRUE,1.25,1.2,33,100,28,21,19,170,1,TRUE,TRUE,TRUE,0,"Changed ""Period"": 200 => 170."
45.76,45.76,12.74,12.74,33.02,33.02,66,66,32.97,32.97,33.02,33.02,20.23,20.23,20.23,20.23,0,0,67.12,46.05,25.02,25.31,17.96,17.96,0.22,0.42,3.26,1.63,N/A,0,0,0,0,0,11.24,6.76,4.47,5,3,2,0,0,0,4,2,2,1,1,0,80,66.67,100,9.15,0.61,4.25,0.28,16.51,1.1,16.5,1.1,16.49,1.1,16.51,1.1,20.23,1.35,20.23,1.35,N/A,,0.82,0.82,N/A,16.51,1.1,16.49,1.1,16.51,1.1,20.23,1.35,20.23,1.35,N/A,,29,19,44,30,17,44,25,25,0,2022,5,1,all,TRUE,1.25,1.2,33,100,28,21,27,200,1,TRUE,TRUE,TRUE,0,"Changed ""ADX Smoothing"": 25 => 27."
42.02,42.02,12.74,12.74,29.27,29.27,82.51,82.51,32.97,32.97,49.54,49.54,40.49,40.49,20.23,20.23,20.26,20.26,67.12,47.26,48.97,42.44,19.5,19.5,0.18,0.31,2.04,1.63,2.44,0,0,0,0,0,15.73,6.76,8.97,7,3,4,0,0,0,5,2,3,2,1,1,71.43,66.67,75,6,0.4,4.25,0.28,7.32,0.49,16.5,1.1,16.49,1.1,16.51,1.1,20.25,1.35,20.23,1.35,20.26,1.35,0.82,0.82,0.82,16.51,1.1,16.49,1.1,16.51,1.1,20.26,1.35,20.23,1.35,20.26,1.35,45,21,63,44,20,61,48,25,70,2022,5,1,all,TRUE,1.25,1.2,33,100,28,21,19,155,1,TRUE,TRUE,TRUE,0,"Changed ""Period"": 200 => 155."
41.17,41.17,59.92,59.92,-18.75,-18.75,263.9,263.9,181.34,181.34,82.56,82.56,222.73,222.73,121.42,121.42,101.31,101.31,116.61,74.65,76.41,66.23,21.25,21.25,0.15,0.24,1.19,1.49,0.82,0,0,0,0,0,60.82,38.32,22.5,27,17,10,0,0,0,16,11,5,11,6,5,59.26,64.71,50,1.52,0.1,3.52,0.24,-1.87,-0.12,16.49,1.1,16.49,1.1,16.51,1.1,20.25,1.35,20.24,1.35,20.26,1.35,0.82,0.82,0.82,16.51,1.1,16.49,1.1,16.51,1.1,20.26,1.35,20.24,1.35,20.26,1.35,68,54,92,57,49,75,84,64,109,2022,5,1,all,TRUE,1.25,1.2,33,100,28,27,7,50,1,TRUE,TRUE,TRUE,0,"Changed ""Period"": 80 => 50."
40.61,40.61,-60.72,-60.72,101.34,101.34,182.29,182.29,60.69,60.69,121.6,121.6,141.68,141.68,121.42,121.42,20.26,20.26,122.65,87.23,94.81,95.86,17.22,17.22,0.15,0.29,1.29,0.5,6,0,0,0,0,0,35.88,20.22,15.66,16,9,7,0,0,0,9,3,6,7,6,1,56.25,33.33,85.71,2.54,0.17,-6.75,-0.45,14.48,0.97,20.25,1.35,20.23,1.35,20.27,1.35,20.24,1.35,20.24,1.35,20.26,1.35,1,1,1,20.27,1.35,20.23,1.35,20.27,1.35,20.26,1.35,20.24,1.35,20.26,1.35,92,62,131,100,65,118,82,60,215,2022,5,1,all,TRUE,1.5,1.2,100,100,28,21,25,200,1,TRUE,TRUE,TRUE,0,"Changed ""Take Profit:"": 1.25 => 1.5."
29.25,29.25,16.48,16.48,12.77,12.77,49.51,49.51,16.48,16.48,33.03,33.03,20.26,20.26,0,0,20.26,20.26,34.15,26.42,34.13,29.58,21.73,21.73,0.15,0.29,2.44,N/A,1.63,0,0,0,0,0,9,2.26,6.73,4,1,3,0,0,0,3,1,2,1,0,1,75,100,66.67,7.31,0.49,16.48,1.1,4.26,0.28,16.5,1.1,16.48,1.1,16.51,1.1,20.26,1.35,N/A,,20.26,1.35,0.82,N/A,0.82,16.51,1.1,16.48,1.1,16.51,1.1,20.26,1.35,N/A,,20.26,1.35,80,15,101,98,15,140,25,0,25,2022,5,1,all,TRUE,1.25,1.2,33,100,40,21,25,200,1,TRUE,TRUE,TRUE,0,"Changed ""DI Length"": 28 => 21."
26.23,26.23,23.19,23.19,3.03,3.03,329.97,329.97,164.84,164.84,165.13,165.13,303.75,303.75,141.65,141.65,162.1,162.1,112.85,77.86,97.22,83.17,21.6,21.6,0.15,0.23,1.09,1.16,1.02,0,0,0,0,0,78.76,38.29,40.46,35,17,18,0,0,0,20,10,10,15,7,8,57.14,58.82,55.56,0.75,0.05,1.36,0.09,0.17,0.01,16.5,1.1,16.48,1.1,16.51,1.1,20.25,1.35,20.24,1.35,20.26,1.35,0.82,0.82,0.82,16.51,1.1,16.49,1.1,16.51,1.1,20.26,1.35,20.24,1.35,20.26,1.35,74,58,89,72,55,89,76,62,89,2022,5,1,all,TRUE,1.25,1.2,33,100,28,21,25,80,1,TRUE,TRUE,TRUE,0,"Changed ""Period"": 200 => 80."
24.74,24.74,16.48,16.48,8.26,8.26,49.48,49.48,32.97,32.97,16.51,16.51,24.74,24.74,16.49,16.49,8.25,8.25,50.61,35.83,14.24,10.17,17.99,17.99,0.17,0.42,2,2,2,0,0,0,0,0,13.51,9.02,4.49,6,4,2,0,0,0,3,2,1,3,2,1,50,50,50,4.12,0.27,4.12,0.27,4.13,0.28,16.49,1.1,16.48,1.1,16.51,1.1,8.25,0.55,8.24,0.55,8.25,0.55,2,2,2,16.51,1.1,16.49,1.1,16.51,1.1,8.25,0.55,8.25,0.55,8.25,0.55,13,10,19,16,15,19,9,5,18,2022,5,1,all,TRUE,1.25,0.4,33,100,28,21,25,200,1,TRUE,TRUE,TRUE,0,"Changed ""Stop Loss:"": 1.2 => 0.4."
18.03,18.03,-27.04,-27.04,45.07,45.07,544.43,544.43,296.73,296.73,247.69,247.69,526.39,526.39,323.77,323.77,202.62,202.62,167.61,99.61,155.9,99.99,21.15,21.15,0.2,0.38,1.03,0.92,1.22,0,0,0,0,0,132.7,76.53,56.17,59,34,25,0,0,0,33,18,15,26,16,10,55.93,52.94,60,0.31,0.02,-0.8,-0.05,1.8,0.12,16.5,1.1,16.49,1.1,16.51,1.1,20.25,1.35,20.24,1.35,20.26,1.35,0.82,0.82,0.82,16.52,1.1,16.49,1.1,16.52,1.1,20.26,1.35,20.24,1.35,20.26,1.35,67,60,75,63,53,75,72,69,77,2022,5,1,all,TRUE,1.25,1.2,33,100,22,27,25,50,1,TRUE,TRUE,TRUE,0,"Changed ""Filter Value"": 28 => 22."
14.25,14.25,8.99,8.99,5.26,5.26,115.51,115.51,49.46,49.46,66.05,66.05,101.26,101.26,40.47,40.47,60.79,60.79,63.37,55.47,66.58,59.64,22.19,22.19,0.09,0.14,1.14,1.22,1.09,0,0,0,0,0,27,11.26,15.73,12,5,7,0,0,0,7,3,4,5,2,3,58.33,60,57.14,1.19,0.08,1.8,0.12,0.75,0.05,16.5,1.1,16.49,1.1,16.51,1.1,20.25,1.35,20.23,1.35,20.26,1.35,0.82,0.82,0.82,16.51,1.1,16.49,1.1,16.51,1.1,20.26,1.35,20.24,1.35,20.26,1.35,52,39,61,64,35,86,34,45,27,2022,5,1,all,TRUE,1.25,1.2,33,100,28,21,25,140,1,TRUE,TRUE,TRUE,0,"Changed ""Period"": 200 => 140."
11.92,11.92,50.94,50.94,-39.01,-39.01,214.44,214.44,131.88,131.88,82.56,82.56,202.52,202.52,80.95,80.95,121.57,121.57,138.3,1026.51,141.45,143.06,17.4,17.4,-0.31,-0.3,1.06,1.63,0.68,0,0,0,0,0,51.81,27.06,24.76,23,12,11,0,0,0,13,8,5,10,4,6,56.52,66.67,45.45,0.52,0.03,4.24,0.28,-3.55,-0.24,16.5,1.1,16.49,1.1,16.51,1.1,20.25,1.35,20.24,1.35,20.26,1.35,0.82,0.82,0.82,16.51,1.1,16.49,1.1,16.51,1.1,20.26,1.35,20.24,1.35,20.26,1.35,70,50,92,60,35,100,84,81,85,2022,5,1,all,TRUE,1.25,1.2,33,100,28,21,7,80,1,TRUE,TRUE,TRUE,0,"Changed ""ADX Smoothing"": 25 => 7."
10.54,10.54,-18.74,-18.74,29.28,29.28,131.97,131.97,82.43,82.43,49.54,49.54,121.43,121.43,101.17,101.17,20.26,20.26,96.38,87.19,108.26,93.85,19.96,19.96,0.09,0.17,1.09,0.82,2.44,0,0,0,0,0,31.47,22.5,8.97,14,10,4,0,0,0,8,5,3,6,5,1,57.14,50,75,0.75,0.05,-1.87,-0.13,7.32,0.49,16.5,1.1,16.49,1.1,16.51,1.1,20.24,1.35,20.23,1.35,20.26,1.35,0.82,0.82,0.82,16.52,1.1,16.49,1.1,16.52,1.1,20.26,1.35,20.24,1.35,20.26,1.35,31,27,41,29,19,46,34,35,26,2022,5,1,all,TRUE,1.25,1.2,25,100,22,27,25,185,1,TRUE,TRUE,TRUE,0,"Changed ""Filter Value"": 28 => 22."
10.54,10.54,-18.74,-18.74,29.28,29.28,131.97,131.97,82.43,82.43,49.54,49.54,121.43,121.43,101.17,101.17,20.26,20.26,96.38,87.19,108.26,93.85,19.96,19.96,0.09,0.17,1.09,0.82,2.44,0,0,0,0,0,31.47,22.5,8.97,14,10,4,0,0,0,8,5,3,6,5,1,57.14,50,75,0.75,0.05,-1.87,-0.13,7.32,0.49,16.5,1.1,16.49,1.1,16.51,1.1,20.24,1.35,20.23,1.35,20.26,1.35,0.82,0.82,0.82,16.52,1.1,16.49,1.1,16.52,1.1,20.26,1.35,20.24,1.35,20.26,1.35,31,27,41,29,19,46,34,35,26,2022,5,1,all,TRUE,1.25,1.2,33,100,28,27,25,50,1,TRUE,TRUE,TRUE,0,"Changed ""Take Profit:"": 1.5 => 1.25."
8.24,8.24,8.24,8.24,0,0,16.49,16.49,16.49,16.49,0,0,8.25,8.25,8.25,8.25,0,0,17.61,16.27,10.41,10.52,20.26,20.26,0.25,0.59,2,2,N/A,0,0,0,0,0,4.51,4.51,0,2,2,0,0,0,0,1,1,0,1,1,0,50,50,N/A,4.12,0.27,4.12,0.27,N/A,,16.49,1.1,16.49,1.1,N/A,,8.25,0.55,8.25,0.55,N/A,,2,2,N/A,16.49,1.1,16.49,1.1,N/A,,8.25,0.55,8.25,0.55,N/A,,8,8,0,13,13,0,2,2,0,2022,5,1,all,TRUE,1.25,0.4,57,160,34,21,25,200,1,TRUE,TRUE,TRUE,0,"Changed ""Filter Value"": 28 => 34."
6.86,6.86,-71.96,-71.96,78.82,78.82,148.53,148.53,49.45,49.45,99.08,99.08,141.68,141.68,121.42,121.42,20.26,20.26,92.65,86.71,98.53,99.65,17.23,17.23,0.13,0.25,1.05,0.41,4.89,0,0,0,0,0,35.89,20.21,15.68,16,9,7,0,0,0,9,3,6,7,6,1,56.25,33.33,85.71,0.43,0.03,-8,-0.53,11.26,0.75,16.5,1.1,16.48,1.1,16.51,1.1,20.24,1.35,20.24,1.35,20.26,1.35,0.82,0.82,0.82,16.51,1.1,16.49,1.1,16.51,1.1,20.26,1.35,20.24,1.35,20.26,1.35,87,54,131,91,40,117,82,60,215,2022,5,1,all,TRUE,1.25,1.2,100,100,28,21,25,200,1,TRUE,TRUE,TRUE,0,"Changed ""EMA Trend 1"": 33 => 100."
3.08,3.08,-55.48,-55.48,58.56,58.56,165.02,165.02,65.94,65.94,99.08,99.08,161.94,161.94,121.42,121.42,40.52,40.52,109.14,157.93,118.8,120.15,21.95,21.95,-0.1,-0.12,1.02,0.54,2.44,0,0,0,0,0,40.42,22.47,17.94,18,10,8,0,0,0,10,4,6,8,6,2,55.56,40,75,0.17,0.01,-5.55,-0.37,7.32,0.49,16.5,1.1,16.48,1.1,16.51,1.1,20.24,1.35,20.24,1.35,20.26,1.35,0.82,0.82,0.82,16.51,1.1,16.49,1.1,16.51,1.1,20.26,1.35,20.24,1.35,20.26,1.35,84,56,119,90,50,117,76,60,125,2022,5,1,all,TRUE,1.25,1.2,49,370,34,25,23,65,1,TRUE,TRUE,TRUE,0,"Changed ""ADX Smoothing"": 28 => 23."
-2.3,-2.3,29.19,29.19,-31.5,-31.5,188.97,188.97,107.89,107.89,81.07,81.07,191.27,191.27,78.7,78.7,112.57,112.57,70.83,62.42,62.05,62.76,22.3,22.3,0.06,0.08,0.99,1.37,0.72,0,0,0,0,0,85.54,42.8,42.74,38,19,19,0,0,0,21,12,9,17,7,10,55.26,63.16,47.37,-0.06,0,1.54,0.1,-1.66,-0.11,9,0.6,8.99,0.6,9.01,0.6,11.25,0.75,11.24,0.75,11.26,0.75,0.8,0.8,0.8,9.01,0.6,8.99,0.6,9.01,0.6,11.26,0.75,11.24,0.75,11.26,0.75,18,15,22,20,15,28,15,14,16,2022,5,1,all,TRUE,0.75,0.6,65,310,25,21,17,110,1,TRUE,TRUE,TRUE,0,"Changed ""Filter Value"": 34 => 25."
-2.71,-2.71,8.23,8.23,-10.95,-10.95,49.48,49.48,32.97,32.97,16.51,16.51,52.19,52.19,24.73,24.73,27.46,27.46,50.61,41.47,28.32,28.65,19.48,19.48,0.02,0.04,0.95,1.33,0.6,0,0,0,0,0,20.26,11.26,9,9,5,4,0,0,0,3,2,1,6,3,3,33.33,40,25,-0.3,-0.02,1.65,0.11,-2.74,-0.18,16.49,1.1,16.48,1.1,16.51,1.1,8.7,0.58,8.24,0.55,9.15,0.61,1.9,2,1.8,16.51,1.1,16.49,1.1,16.51,1.1,10.95,0.73,8.25,0.55,10.95,0.73,13,12,14,16,15,19,11,10,13,2022,5,1,all,TRUE,1.25,0.4,57,100,28,21,25,200,1,TRUE,TRUE,TRUE,0,"Changed ""EMA Trend 1"": 33 => 57."
-2.73,-2.73,16.47,16.47,-19.2,-19.2,65.97,65.97,49.46,49.46,16.51,16.51,68.69,68.69,32.98,32.98,35.71,35.71,50.61,41.47,28.34,28.66,20.28,20.28,0.03,0.05,0.96,1.5,0.46,0,0,0,0,0,27.03,15.77,11.25,12,7,5,0,0,0,4,3,1,8,4,4,33.33,42.86,20,-0.23,-0.02,2.35,0.16,-3.84,-0.26,16.49,1.1,16.49,1.1,16.51,1.1,8.59,0.57,8.25,0.55,8.93,0.6,1.92,2,1.85,16.51,1.1,16.49,1.1,16.51,1.1,10.95,0.73,8.25,0.55,10.95,0.73,11,11,12,16,14,19,9,8,11,2022,5,1,all,TRUE,1.25,0.4,57,160,28,21,25,200,1,TRUE,TRUE,TRUE,0,"Changed ""EMA Trend 2"": 100 => 160."
-3.72,-3.72,-20.23,-20.23,16.51,16.51,16.51,16.51,0,0,16.51,16.51,20.23,20.23,20.23,20.23,0,0,17.64,18.32,34.04,34.42,17.84,17.84,0,0,0.82,0,N/A,0,0,0,0,0,4.47,2.24,2.24,2,1,1,0,0,0,1,0,1,1,1,0,50,0,100,-1.86,-0.12,-20.23,-1.35,16.51,1.1,16.51,1.1,N/A,,16.51,1.1,20.23,1.35,20.23,1.35,N/A,,0.82,0,N/A,16.51,1.1,N/A,,16.51,1.1,20.23,1.35,20.23,1.35,N/A,,44,25,63,63,0,63,25,25,0,2022,5,1,all,TRUE,1.25,1.2,33,100,28,27,25,185,1,TRUE,TRUE,TRUE,0,"Changed ""Period"": 50 => 185."
-3.72,-3.72,-20.23,-20.23,16.51,16.51,16.51,16.51,0,0,16.51,16.51,20.23,20.23,20.23,20.23,0,0,17.64,18.32,34.04,34.42,17.76,17.76,0,0,0.82,0,N/A,0,0,0,0,0,4.47,2.24,2.24,2,1,1,0,0,0,1,0,1,1,1,0,50,0,100,-1.86,-0.12,-20.23,-1.35,16.51,1.1,16.51,1.1,N/A,,16.51,1.1,20.23,1.35,20.23,1.35,N/A,,0.82,0,N/A,16.51,1.1,N/A,,16.51,1.1,20.23,1.35,20.23,1.35,N/A,,44,25,63,63,0,63,25,25,0,2022,5,1,all,TRUE,1.25,1.2,25,100,28,27,25,185,1,TRUE,TRUE,TRUE,0,"Changed ""EMA Trend 1"": 33 => 25."
-12.73,-12.73,-16.49,-16.49,3.76,3.76,20.26,20.26,0,0,20.26,20.26,33,33,16.49,16.49,16.51,16.51,21.39,20.61,22.24,22.49,19.47,19.47,-0.06,-0.11,0.61,0,1.23,0,0,0,0,0,11.23,4.49,6.74,5,2,3,0,0,0,1,0,1,4,2,2,20,0,33.33,-2.55,-0.17,-8.24,-0.55,1.25,0.08,20.26,1.35,N/A,,20.26,1.35,8.25,0.55,8.24,0.55,8.25,0.55,2.46,0,2.46,20.26,1.35,N/A,,20.26,1.35,8.25,0.55,8.25,0.55,8.25,0.55,10,5,14,20,0,20,8,5,11,2022,5,1,all,TRUE,1.5,0.4,33,100,28,21,19,170,1,TRUE,TRUE,TRUE,0,"Changed ""Take Profit:"": 1.25 => 1.5."
-16.48,-16.48,-16.49,-16.49,0.01,0,16.51,16.51,0,0,16.51,16.51,33,33,16.49,16.49,16.51,16.51,17.64,17.63,22.24,22.49,19.42,19.42,-0.11,-0.16,0.5,0,1,0,0,0,0,0,11.23,4.49,6.74,5,2,3,0,0,0,1,0,1,4,2,2,20,0,33.33,-3.3,-0.22,-8.24,-0.55,0,0,16.51,1.1,N/A,,16.51,1.1,8.25,0.55,8.24,0.55,8.25,0.55,2,0,2,16.51,1.1,N/A,,16.51,1.1,8.25,0.55,8.25,0.55,8.25,0.55,10,5,14,19,0,19,8,5,11,2022,5,1,all,TRUE,1.25,0.4,33,100,28,21,19,170,1,TRUE,TRUE,TRUE,0,"Changed ""Stop Loss:"": 1.2 => 0.4."
-16.49,-16.49,-16.49,-16.49,0,0,0,0,0,0,0,0,16.49,16.49,16.49,16.49,0,0,0,0,14.25,14.41,20.29,20.29,-1,-0.71,0,0,N/A,0,0,0,0,0,4.49,4.49,0,2,2,0,0,0,0,0,0,0,2,2,0,0,0,N/A,-8.25,-0.55,-8.25,-0.55,N/A,,N/A,,N/A,,N/A,,8.25,0.55,8.25,0.55,N/A,,0,0,N/A,N/A,,N/A,,N/A,,8.25,0.55,8.25,0.55,N/A,,22,22,0,0,0,0,22,22,0,2022,5,1,all,TRUE,1.5,1.2,33,100,28,21,25,200,1,TRUE,TRUE,TRUE,0,"Changed ""Take Profit:"": 1.25 => 1.5."
-17.26,-17.26,-3.01,-3.01,-14.26,-14.26,25.48,25.48,25.48,25.48,0,0,42.74,42.74,28.48,28.48,14.26,14.26,26.6,23.91,26.24,23.83,20.27,20.27,-0.08,-0.1,0.6,0.89,0,0,0,0,0,0,11.26,9,2.26,5,4,1,0,0,0,2,2,0,3,2,1,40,50,0,-3.45,-0.23,-0.75,-0.05,-14.26,-0.95,12.74,0.85,12.74,0.85,N/A,,14.25,0.95,14.24,0.95,14.26,0.95,0.89,0.89,0,12.74,0.85,12.74,0.85,N/A,,14.26,0.95,14.24,0.95,14.26,0.95,18,18,17,13,13,0,21,24,17,2022,5,1,all,TRUE,1,0.8,33,400,37,25,11,170,1,TRUE,TRUE,TRUE,0,"Changed ""Filter Value"": 13 => 37."
-18.89,-18.89,21.6,21.6,-40.49,-40.49,485.9,485.9,283.25,283.25,202.65,202.65,504.79,504.79,261.65,261.65,243.14,243.14,163.08,113.61,135.43,113.67,21.27,21.27,-0.23,-0.22,0.96,1.08,0.83,0,0,0,0,0,112.55,63.06,49.49,50,28,22,0,0,0,24,14,10,26,14,12,48,50,45.45,-0.38,-0.03,0.77,0.05,-1.84,-0.12,20.25,1.35,20.23,1.35,20.27,1.35,19.42,1.29,18.69,1.25,20.26,1.35,1.04,1.08,1,20.27,1.35,20.23,1.35,20.27,1.35,20.27,1.35,20.24,1.35,20.27,1.35,62,53,73,62,50,77,61,55,69,2022,5,1,all,TRUE,1.5,1.2,33,100,28,13,25,200,1,TRUE,TRUE,TRUE,0,"Changed ""Take Profit:"": 1.25 => 1.5."
-19.27,-19.27,57.69,57.69,-76.96,-76.96,148.48,148.48,82.42,82.42,66.06,66.06,167.75,167.75,24.74,24.74,143.02,143.02,42.36,52.45,62.98,63.69,22.35,22.35,0.02,0.04,0.89,3.33,0.46,0,0,0,0,0,65.32,18.06,47.27,29,8,21,0,0,0,9,5,4,20,3,17,31.03,62.5,19.05,-0.66,-0.04,7.21,0.48,-3.66,-0.24,16.5,1.1,16.48,1.1,16.51,1.1,8.39,0.56,8.25,0.55,8.41,0.56,1.97,2,1.96,16.51,1.1,16.49,1.1,16.51,1.1,10.95,0.73,8.25,0.55,10.95,0.73,26,24,26,30,34,25,24,7,27,2022,5,1,all,TRUE,1.25,0.4,57,190,37,11,19,95,1,TRUE,TRUE,TRUE,0,Changed all parameters randomly.
-27.79,-27.79,17.96,17.96,-45.75,-45.75,214.45,214.45,131.88,131.88,82.57,82.57,242.24,242.24,113.92,113.92,128.32,128.32,92.61,812.85,136.34,118.19,21.88,21.88,-0.1,-0.11,0.89,1.16,0.64,0,0,0,0,0,67.55,36.04,31.51,30,16,14,0,0,0,13,8,5,17,8,9,43.33,50,35.71,-0.93,-0.06,1.12,0.07,-3.27,-0.22,16.5,1.1,16.49,1.1,16.51,1.1,14.25,0.95,14.24,0.95,14.26,0.95,1.16,1.16,1.16,16.51,1.1,16.49,1.1,16.51,1.1,14.26,0.95,14.24,0.95,14.26,0.95,29,31,27,33,33,35,26,30,23,2022,5,1,all,TRUE,1.25,0.8,89,160,40,9,9,65,1,TRUE,TRUE,TRUE,0,"Changed ""EMA Trend 2"": 310 => 160."
-28.2,-28.2,-6.8,-6.8,-21.4,-21.4,518.48,518.48,296.73,296.73,221.75,221.75,546.68,546.68,303.53,303.53,243.15,243.15,161.92,610.09,171.45,130.03,21.29,21.29,-0.08,-0.1,0.95,0.98,0.91,0,0,0,0,0,130.51,74.3,56.22,58,33,25,0,0,0,31,18,13,27,15,12,53.45,54.55,52,-0.49,-0.03,-0.21,-0.01,-0.86,-0.06,16.73,1.12,16.49,1.1,17.06,1.14,20.25,1.35,20.24,1.35,20.26,1.35,0.83,0.82,0.84,23.59,1.57,16.49,1.1,23.59,1.57,20.26,1.35,20.24,1.35,20.26,1.35,63,53,77,57,42,77,71,65,78,2022,5,1,all,TRUE,1.25,1.2,33,100,22,27,28,50,1,TRUE,TRUE,TRUE,0,"Changed ""ADX Smoothing"": 25 => 28."
-29.89,-29.89,-88.45,-88.45,58.56,58.56,132.05,132.05,32.97,32.97,99.08,99.08,161.94,161.94,121.42,121.42,40.52,40.52,76.17,157.93,118.8,120.15,21.99,21.99,-0.12,-0.13,0.82,0.27,2.44,0,0,0,0,0,35.89,17.95,17.94,16,8,8,0,0,0,8,2,6,8,6,2,50,25,75,-1.87,-0.12,-11.06,-0.74,7.32,0.49,16.51,1.1,16.49,1.1,16.51,1.1,20.24,1.35,20.24,1.35,20.26,1.35,0.82,0.82,0.82,16.51,1.1,16.49,1.1,16.51,1.1,20.26,1.35,20.24,1.35,20.26,1.35,84,50,119,92,19,117,76,60,125,2022,5,1,all,TRUE,1.25,1.2,49,370,34,25,28,65,1,TRUE,TRUE,TRUE,0,Changed all parameters randomly.
-31.46,-31.46,-40.47,-40.47,9.01,9.01,49.54,49.54,0,0,49.54,49.54,81,81,40.47,40.47,40.53,40.53,34.15,47.24,74.6,75.45,22.45,22.45,-0.01,-0.01,0.61,0,1.22,0,0,0,0,0,15.71,4.47,11.23,7,2,5,0,0,0,3,0,3,4,2,2,42.86,0,60,-4.49,-0.3,-20.24,-1.35,1.8,0.12,16.51,1.1,N/A,,16.51,1.1,20.25,1.35,20.24,1.35,20.26,1.35,0.82,0,0.82,16.51,1.1,N/A,,16.51,1.1,20.26,1.35,20.24,1.35,20.26,1.35,98,29,126,131,0,131,74,29,119,2022,5,1,all,TRUE,1.25,1.2,57,100,40,28,25,200,1,TRUE,TRUE,TRUE,0,"Changed ""EMA Trend 1"": 41 => 57."
-31.46,-31.46,-40.47,-40.47,9.01,9.01,49.54,49.54,0,0,49.54,49.54,81,81,40.47,40.47,40.53,40.53,34.15,47.24,74.6,75.45,22.5,22.5,-0.01,-0.01,0.61,0,1.22,0,0,0,0,0,15.71,4.47,11.23,7,2,5,0,0,0,3,0,3,4,2,2,42.86,0,60,-4.49,-0.3,-20.24,-1.35,1.8,0.12,16.51,1.1,N/A,,16.51,1.1,20.25,1.35,20.24,1.35,20.26,1.35,0.82,0,0.82,16.51,1.1,N/A,,16.51,1.1,20.26,1.35,20.24,1.35,20.26,1.35,98,29,126,131,0,131,74,29,119,2022,5,1,all,TRUE,1.25,1.2,33,100,40,28,25,200,1,TRUE,TRUE,TRUE,0,"Changed ""EMA Trend 1"": 57 => 33."
-33.02,-33.02,-0.01,-0.01,-33.01,-33.01,49.48,49.48,32.97,32.97,16.51,16.51,82.51,82.51,32.98,32.98,49.53,49.53,17.64,23.41,52.83,49.32,22.21,22.21,-0.09,-0.13,0.6,1,0.33,0,0,0,0,0,29.27,13.51,15.76,13,6,7,0,0,0,3,2,1,10,4,6,23.08,33.33,14.29,-2.54,-0.17,0,0,-4.72,-0.31,16.49,1.1,16.48,1.1,16.51,1.1,8.25,0.55,8.25,0.55,8.25,0.55,2,2,2,16.51,1.1,16.49,1.1,16.51,1.1,8.26,0.55,8.25,0.55,8.26,0.55,29,25,33,58,41,93,21,18,23,2022,5,1,all,TRUE,1.25,0.4,33,100,28,21,25,140,1,TRUE,TRUE,TRUE,0,"Changed ""Stop Loss:"": 1.2 => 0.4."
-39.72,-39.72,-42,-42,2.28,2.28,216.73,216.73,114.65,114.65,102.08,102.08,256.45,256.45,156.64,156.64,99.81,99.81,70.11,388.33,125.78,112.69,21.19,21.19,0.19,0.92,0.85,0.73,1.02,0,0,0,0,0,78.72,45,33.72,35,20,15,0,0,0,17,9,8,18,11,7,48.57,45,53.33,-1.13,-0.08,-2.1,-0.14,0.15,0.01,12.75,0.85,12.74,0.85,12.76,0.85,14.25,0.95,14.24,0.95,14.26,0.95,0.9,0.9,0.9,12.76,0.85,12.74,0.85,12.76,0.85,14.26,0.95,14.24,0.95,14.26,0.95,37,33,41,38,26,52,35,39,29,2022,5,1,all,TRUE,1,0.8,25,160,28,28,19,65,1,TRUE,TRUE,TRUE,0,Changed all parameters randomly.
-42.03,-42.03,3.72,3.72,-45.75,-45.75,214.45,214.45,131.88,131.88,82.57,82.57,256.48,256.48,128.16,128.16,128.32,128.32,83.61,812.9,142.25,123.31,21.79,21.79,-0.22,-0.22,0.84,1.03,0.64,0,0,0,0,0,69.79,38.28,31.51,31,17,14,0,0,0,13,8,5,18,9,9,41.94,47.06,35.71,-1.36,-0.09,0.22,0.01,-3.27,-0.22,16.5,1.1,16.49,1.1,16.51,1.1,14.25,0.95,14.24,0.95,14.26,0.95,1.16,1.16,1.16,16.51,1.1,16.49,1.1,16.51,1.1,14.26,0.95,14.24,0.95,14.26,0.95,29,30,27,33,33,35,26,28,23,2022,5,1,all,TRUE,1.25,0.8,89,100,40,9,9,65,1,TRUE,TRUE,TRUE,0,Changed all parameters randomly.
-44.27,-44.27,1.48,1.48,-45.75,-45.75,197.96,197.96,115.4,115.4,82.57,82.57,242.24,242.24,113.92,113.92,128.32,128.32,83.61,3394.08,128.01,129.47,18.27,18.27,-0.17,-0.19,0.82,1.01,0.64,0,0,0,0,0,65.28,33.77,31.51,29,15,14,0,0,0,12,7,5,17,8,9,41.38,46.67,35.71,-1.53,-0.1,0.1,0.01,-3.27,-0.22,16.5,1.1,16.49,1.1,16.51,1.1,14.25,0.95,14.24,0.95,14.26,0.95,1.16,1.16,1.16,16.51,1.1,16.49,1.1,16.51,1.1,14.26,0.95,14.24,0.95,14.26,0.95,32,32,33,40,34,48,27,30,24,2022,5,1,all,TRUE,1.25,0.8,89,310,40,9,9,65,1,TRUE,TRUE,TRUE,0,"Changed ""EMA Trend 2"": 100 => 310."
-47.28,-47.28,-2.25,-2.25,-45.03,-45.03,8.99,8.99,8.99,8.99,0,0,56.27,56.27,11.24,11.24,45.03,45.03,10.12,13.45,45.02,45.53,22.31,22.31,-0.29,-0.3,0.16,0.8,0,0,0,0,0,0,13.53,4.5,9.03,6,2,4,0,0,0,1,1,0,5,1,4,16.67,50,0,-7.88,-0.53,-1.13,-0.08,-11.26,-0.75,8.99,0.6,8.99,0.6,N/A,,11.25,0.75,11.24,0.75,11.26,0.75,0.8,0.8,0,8.99,0.6,8.99,0.6,N/A,,11.26,0.75,11.24,0.75,11.26,0.75,23,9,30,5,5,0,26,12,30,2022,5,1,all,TRUE,0.75,0.6,65,310,34,21,17,110,1,TRUE,TRUE,TRUE,0,Changed all parameters randomly.
-54.75,-54.75,-22.49,-22.49,-32.26,-32.26,12.76,12.76,0,0,12.76,12.76,67.51,67.51,22.49,22.49,45.02,45.02,13.89,30.69,76.28,77.14,22.52,22.52,-0.18,-0.24,0.19,0,0.28,0,0,0,0,0,15.75,4.49,11.26,7,2,5,0,0,0,1,0,1,6,2,4,14.29,0,20,-7.82,-0.52,-11.24,-0.75,-6.45,-0.43,12.76,0.85,N/A,,12.76,0.85,11.25,0.75,11.24,0.75,11.26,0.75,1.13,0,1.13,12.76,0.85,N/A,,12.76,0.85,11.26,0.75,11.24,0.75,11.26,0.75,30,15,36,111,0,111,17,15,18,2022,5,1,all,TRUE,1,0.6,33,400,37,21,27,95,1,TRUE,TRUE,TRUE,0,Changed all parameters randomly.
-57.79,-57.79,-6.02,-6.02,-51.77,-51.77,164.93,164.93,115.39,115.39,49.54,49.54,222.72,222.72,121.41,121.41,101.31,101.31,83.6,580.04,142.89,123.86,21.6,21.6,-0.06,-0.09,0.74,0.95,0.49,0,0,0,0,0,47.29,29.27,18.02,21,13,8,0,0,0,10,7,3,11,6,5,47.62,53.85,37.5,-2.75,-0.18,-0.46,-0.03,-6.47,-0.43,16.49,1.1,16.48,1.1,16.51,1.1,20.25,1.35,20.24,1.35,20.26,1.35,0.82,0.82,0.82,16.51,1.1,16.49,1.1,16.51,1.1,20.26,1.35,20.24,1.35,20.26,1.35,75,53,112,71,45,131,79,62,100,2022,5,1,all,TRUE,1.25,1.2,33,100,28,27,7,80,1,TRUE,TRUE,TRUE,0,"Changed ""DI Length"": 21 => 27."
-60.64,-60.64,-101.17,-101.17,40.53,40.53,101.26,101.26,40.47,40.47,60.8,60.8,161.9,161.9,141.64,141.64,20.26,20.26,41.69,112.97,125.53,105.39,19.98,19.98,-0.16,-0.16,0.63,0.29,3,0,0,0,0,0,29.15,20.19,8.96,13,9,4,0,0,0,5,2,3,8,7,1,38.46,22.22,75,-4.66,-0.31,-11.24,-0.75,10.13,0.68,20.25,1.35,20.23,1.35,20.27,1.35,20.24,1.35,20.23,1.35,20.26,1.35,1,1,1,20.27,1.35,20.23,1.35,20.27,1.35,20.26,1.35,20.24,1.35,20.26,1.35,40,39,44,36,16,50,43,46,26,2022,5,1,all,TRUE,1.5,1.2,33,100,28,27,25,50,1,TRUE,TRUE,TRUE,0,"Changed ""Take Profit:"": 1.25 => 1.5."
-61.15,-61.15,-56.26,-56.26,-4.89,-4.89,485.53,485.53,247.27,247.27,238.26,238.26,546.68,546.68,303.53,303.53,243.15,243.15,161.91,943.13,171.42,148.59,21.38,21.38,-0.12,-0.14,0.89,0.82,0.98,0,0,0,0,0,125.96,67.5,58.46,56,30,26,0,0,0,29,15,14,27,15,12,51.79,50,53.85,-1.09,-0.07,-1.88,-0.13,-0.19,-0.01,16.74,1.12,16.48,1.1,17.02,1.13,20.25,1.35,20.24,1.35,20.26,1.35,0.83,0.82,0.84,23.59,1.57,16.49,1.1,23.59,1.57,20.26,1.35,20.24,1.35,20.26,1.35,64,54,75,57,43,72,71,65,78,2022,5,1,all,TRUE,1.25,1.2,33,100,22,27,25,50,1,TRUE,TRUE,TRUE,0,"Changed ""Filter Value"": 28 => 22."
-61.17,-61.17,-39.77,-39.77,-21.4,-21.4,485.51,485.51,263.76,263.76,221.75,221.75,546.68,546.68,303.53,303.53,243.15,243.15,161.92,947.79,187.93,142.54,21.49,21.49,-0.12,-0.14,0.89,0.87,0.91,0,0,0,0,0,125.99,69.77,56.22,56,31,25,0,0,0,29,16,13,27,15,12,51.79,51.61,52,-1.09,-0.07,-1.28,-0.09,-0.86,-0.06,16.74,1.12,16.49,1.1,17.06,1.14,20.25,1.35,20.24,1.35,20.26,1.35,0.83,0.82,0.84,23.59,1.57,16.49,1.1,23.59,1.57,20.26,1.35,20.24,1.35,20.26,1.35,64,53,77,57,42,77,71,65,78,2022,5,1,all,TRUE,1.25,1.2,33,100,22,27,25,80,1,TRUE,TRUE,TRUE,0,"Changed ""Period"": 50 => 80."
-64.9,-64.9,-44.28,-44.28,-20.62,-20.62,452.57,452.57,214.3,214.3,238.26,238.26,517.47,517.47,258.58,258.58,258.89,258.89,87.36,6761.09,155.97,125.36,20.51,20.51,0.12,1.02,0.88,0.83,0.92,0,0,0,0,0,164.22,81.02,83.2,73,36,37,0,0,0,27,13,14,46,23,23,36.99,36.11,37.84,-0.89,-0.06,-1.23,-0.08,-0.56,-0.04,16.76,1.12,16.48,1.1,17.02,1.13,11.25,0.75,11.24,0.75,11.26,0.75,1.49,1.47,1.51,23.59,1.57,16.49,1.1,23.59,1.57,11.26,0.75,11.24,0.75,11.26,0.75,32,30,34,41,36,46,27,26,27,2022,5,1,all,TRUE,1.25,0.6,41,100,40,28,25,200,1,TRUE,TRUE,TRUE,0,"Changed ""Stop Loss:"": 1.2 => 0.6."
-75.9,-75.9,2.12,2.12,-78.01,-78.01,428.89,428.89,263.76,263.76,165.13,165.13,504.79,504.79,261.65,261.65,243.14,243.14,142.08,3056.31,160.78,139.37,21.32,21.32,-0.21,-0.21,0.85,1.01,0.68,0,0,0,0,0,117.06,67.55,49.52,52,30,22,0,0,0,26,16,10,26,14,12,50,53.33,45.45,-1.46,-0.1,0.07,0,-3.55,-0.24,16.5,1.1,16.49,1.1,16.51,1.1,19.41,1.29,18.69,1.25,20.26,1.35,0.85,0.88,0.82,16.51,1.1,16.49,1.1,16.51,1.1,20.27,1.35,20.24,1.35,20.27,1.35,56,47,68,53,44,67,58,50,69,2022,5,1,all,TRUE,1.25,1.2,33,100,28,13,25,200,1,TRUE,TRUE,TRUE,0,"Changed ""DI Length"": 21 => 13."
-82.91,-82.91,-48.75,-48.75,-34.16,-34.16,403.03,403.03,214.31,214.31,188.72,188.72,485.94,485.94,263.06,263.06,222.88,222.88,128.92,2125.16,128.73,128.2,22.19,22.19,0.04,0.06,0.83,0.82,0.85,0,0,0,0,0,107.99,58.5,49.48,48,26,22,0,0,0,24,13,11,24,13,11,50,50,50,-1.73,-0.12,-1.88,-0.13,-1.55,-0.1,16.79,1.12,16.49,1.1,17.16,1.14,20.25,1.35,20.24,1.35,20.26,1.35,0.83,0.82,0.85,23.59,1.57,16.49,1.1,23.59,1.57,20.26,1.35,20.24,1.35,20.26,1.35,68,56,82,63,44,87,73,69,78,2022,5,1,all,TRUE,1.25,1.2,33,400,22,27,25,80,1,TRUE,TRUE,TRUE,0,"Changed ""EMA Trend 2"": 100 => 400."
-88.56,-88.56,-10.55,-10.55,-78.01,-78.01,551.47,551.47,313.21,313.21,238.25,238.25,640.03,640.03,323.76,323.76,316.27,316.27,85.99,1567.43,131.53,133.03,17.61,17.61,0.07,0.14,0.86,0.97,0.75,0,0,0,0,0,148.54,78.79,69.75,66,35,31,0,0,0,33,19,14,33,16,17,50,54.29,45.16,-1.34,-0.09,-0.3,-0.02,-2.52,-0.17,16.71,1.11,16.48,1.1,17.02,1.13,19.39,1.29,20.24,1.35,18.6,1.24,0.86,0.82,0.92,23.59,1.57,16.49,1.1,23.59,1.57,20.27,1.35,20.24,1.35,20.27,1.35,61,47,77,58,42,81,64,53,74,2022,5,1,all,TRUE,1.25,1.2,41,310,40,28,25,200,1,TRUE,TRUE,TRUE,0,"Changed ""EMA Trend 2"": 100 => 310."
-112.7,-112.7,-33.79,-33.79,-78.91,-78.91,617.44,617.44,362.67,362.67,254.77,254.77,730.14,730.14,396.46,396.46,333.68,333.68,148.07,11215.33,217.5,188.54,21.79,21.79,0.09,0.28,0.85,0.92,0.76,0,0,0,0,0,180.04,101.29,78.74,80,45,35,0,0,0,37,22,15,43,23,20,46.25,48.89,42.86,-1.41,-0.09,-0.75,-0.05,-2.25,-0.15,16.69,1.11,16.49,1.1,16.98,1.13,16.98,1.13,17.24,1.15,16.68,1.11,0.98,0.96,1.02,23.59,1.57,16.49,1.1,23.59,1.57,17.26,1.15,17.24,1.15,17.26,1.15,47,39,57,50,35,71,45,43,47,2022,5,1,all,TRUE,1.25,1,89,100,25,13,25,80,1,TRUE,TRUE,TRUE,0,Changed all parameters randomly.
-116.47,-116.47,-27.3,-27.3,-89.17,-89.17,790.71,790.71,425.93,425.93,364.79,364.79,907.18,907.18,453.23,453.23,453.95,453.95,160.4,115.07,286.62,289.88,17.96,17.96,-0.03,-0.03,0.87,0.94,0.8,0,0,0,0,0,211.54,110.3,101.23,94,49,45,0,0,0,40,22,18,54,27,27,42.55,44.9,40,-1.24,-0.08,-0.56,-0.04,-1.98,-0.13,19.77,1.32,19.36,1.29,20.27,1.35,16.8,1.12,16.79,1.12,16.81,1.12,1.18,1.15,1.21,20.27,1.35,20.23,1.35,20.27,1.35,17.26,1.15,17.24,1.15,17.26,1.15,46,40,53,53,41,68,41,39,43,2022,5,1,all,TRUE,1.5,1,50,200,20,14,14,100,1,TRUE,TRUE,TRUE,0,Best value parameters.
-116.57,-116.57,-16.02,-16.02,-100.55,-100.55,560.86,560.86,346.19,346.19,214.67,214.67,677.43,677.43,362.21,362.21,315.22,315.22,168.46,31557.07,212.92,215.35,17.32,17.32,0,0,0.83,0.96,0.68,0,0,0,0,0,157.57,90.05,67.52,70,40,30,0,0,0,34,21,13,36,19,17,48.57,52.5,43.33,-1.67,-0.11,-0.4,-0.03,-3.35,-0.22,16.5,1.1,16.49,1.1,16.51,1.1,18.82,1.25,19.06,1.27,18.54,1.24,0.88,0.87,0.89,16.51,1.1,16.49,1.1,16.51,1.1,20.27,1.35,20.24,1.35,20.27,1.35,57,49,68,56,45,72,58,52,65,2022,5,1,all,TRUE,1.25,1.2,33,250,28,9,9,50,1,TRUE,TRUE,TRUE,0,Changed all parameters randomly.
-130.6,-130.6,-0.1,-0.1,-130.5,-130.5,521.88,521.88,314.69,314.69,207.19,207.19,652.49,652.49,314.8,314.8,337.69,337.69,120.26,2051.77,182.31,184.38,17.58,17.58,-0.01,-0.01,0.8,1,0.61,0,0,0,0,0,261.1,141.85,119.25,116,63,53,0,0,0,58,35,23,58,28,30,50,55.56,43.4,-1.13,-0.08,0,0,-2.46,-0.16,9,0.6,8.99,0.6,9.01,0.6,11.25,0.75,11.24,0.75,11.26,0.75,0.8,0.8,0.8,9.01,0.6,8.99,0.6,9.01,0.6,11.26,0.75,11.24,0.75,11.26,0.75,19,16,23,20,16,27,19,18,20,2022,5,1,all,TRUE,0.75,0.6,65,310,16,21,17,110,1,TRUE,TRUE,TRUE,0,"Changed ""Filter Value"": 25 => 16."
-145.55,-145.55,-39.79,-39.79,-105.76,-105.76,461.91,461.91,263.76,263.76,198.16,198.16,607.46,607.46,303.54,303.54,303.92,303.92,109.88,57625.03,229.43,198.88,20.28,20.28,-0.06,-0.07,0.76,0.87,0.65,0,0,0,0,0,184.54,96.78,87.76,82,43,39,0,0,0,28,16,12,54,27,27,34.15,37.21,30.77,-1.77,-0.12,-0.93,-0.06,-2.71,-0.18,16.5,1.1,16.48,1.1,16.51,1.1,11.25,0.75,11.24,0.75,11.26,0.75,1.47,1.47,1.47,16.52,1.1,16.49,1.1,16.52,1.1,11.26,0.75,11.24,0.75,11.26,0.75,25,29,22,42,46,37,17,19,15,2022,5,1,all,TRUE,1.25,0.6,100,220,19,23,25,170,1,TRUE,TRUE,TRUE,0,Changed all parameters randomly.
-147.79,-147.79,-33.75,-33.75,-114.04,-114.04,329.51,329.51,191.07,191.07,138.44,138.44,477.3,477.3,224.82,224.82,252.48,252.48,45.31,4525.56,206.78,166.29,20.47,20.47,0.17,0.44,0.69,0.85,0.55,0,0,0,0,0,184.55,94.54,90.01,82,42,40,0,0,0,25,15,10,57,27,30,30.49,35.71,25,-1.8,-0.12,-0.8,-0.05,-2.85,-0.19,13.18,0.88,12.74,0.85,13.84,0.92,8.37,0.56,8.33,0.56,8.42,0.56,1.57,1.53,1.65,23.59,1.57,12.74,0.85,23.59,1.57,10.82,0.72,9.6,0.64,10.82,0.72,17,16,18,26,27,26,13,10,16,2022,5,1,all,TRUE,1,0.4,73,220,19,25,15,95,1,TRUE,TRUE,TRUE,0,"Changed ""DI Length"": 13 => 25."
-147.81,-147.81,-30.79,-30.79,-117.02,-117.02,571.71,571.71,331.2,331.2,240.51,240.51,719.52,719.52,361.99,361.99,357.54,357.54,108.86,4922.97,196.54,198.77,17.59,17.59,-0.18,-0.2,0.8,0.92,0.67,0,0,0,0,0,195.81,105.8,90.01,87,47,40,0,0,0,44,26,18,43,21,22,50.57,55.32,45,-1.7,-0.11,-0.66,-0.04,-2.93,-0.2,12.99,0.87,12.74,0.85,13.36,0.89,16.73,1.12,17.24,1.15,16.25,1.08,0.78,0.74,0.82,23.59,1.57,12.74,0.85,23.59,1.57,17.26,1.15,17.24,1.15,17.26,1.15,44,36,54,44,32,61,45,41,49,2022,5,1,all,TRUE,1,1,57,370,16,25,15,80,1,TRUE,TRUE,TRUE,0,"Changed ""EMA Trend 2"": 310 => 370."
-153.3,-153.3,-83.65,-83.65,-69.65,-69.65,254.97,254.97,140.12,140.12,114.85,114.85,408.26,408.26,223.77,223.77,184.49,184.49,40.13,463.07,207.79,171.21,21.38,21.38,0.17,1.4,0.63,0.63,0.62,0,0,0,0,0,155.24,85.49,69.74,69,38,31,0,0,0,20,11,9,49,27,22,28.99,28.95,29.03,-2.22,-0.15,-2.2,-0.15,-2.25,-0.15,12.75,0.85,12.74,0.85,12.76,0.85,8.33,0.56,8.29,0.55,8.39,0.56,1.53,1.54,1.52,12.76,0.85,12.74,0.85,12.76,0.85,10.54,0.7,9.1,0.61,10.54,0.7,18,15,21,22,14,32,16,16,17,2022,5,1,all,TRUE,1,0.4,73,100,28,13,15,65,1,TRUE,TRUE,TRUE,0,Changed all parameters randomly.
-155.24,-155.24,-26.3,-26.3,-128.94,-128.94,367.43,367.43,215.02,215.02,152.41,152.41,522.67,522.67,241.32,241.32,281.35,281.35,82.1,998.48,199.18,191.3,17.94,17.94,0.14,0.44,0.7,0.89,0.54,0,0,0,0,0,227.32,123.81,103.51,101,55,46,0,0,0,70,41,29,31,14,17,69.31,74.55,63.04,-1.54,-0.1,-0.48,-0.03,-2.8,-0.19,5.25,0.35,5.24,0.35,5.26,0.35,16.86,1.12,17.24,1.15,16.55,1.1,0.31,0.3,0.32,5.26,0.35,5.25,0.35,5.26,0.35,17.26,1.15,17.24,1.15,17.26,1.15,22,16,31,18,14,24,32,20,42,2022,5,1,all,TRUE,0.5,1,50,310,20,14,14,100,1,TRUE,TRUE,TRUE,0,"Changed ""EMA Trend 2"": 200 => 310."
-159,-159,-80.99,-80.99,-78.01,-78.01,461.92,461.92,263.76,263.76,198.16,198.16,620.92,620.92,344.74,344.74,276.17,276.17,129.34,450.43,289.06,250.57,20.24,20.24,-0.08,-0.1,0.74,0.77,0.72,0,0,0,0,0,144,80.99,63.01,64,36,28,0,0,0,28,16,12,36,20,16,43.75,44.44,42.86,-2.48,-0.17,-2.25,-0.15,-2.79,-0.19,16.5,1.1,16.48,1.1,16.51,1.1,17.25,1.15,17.24,1.15,17.26,1.15,0.96,0.96,0.96,16.52,1.1,16.49,1.1,16.52,1.1,17.26,1.15,17.24,1.15,17.26,1.15,36,28,47,50,33,73,26,24,28,2022,5,1,all,TRUE,1.25,1,65,100,40,21,25,200,1,TRUE,TRUE,TRUE,0,"Changed ""EMA Trend 1"": 33 => 65."
-168.82,-168.82,-47.33,-47.33,-121.49,-121.49,539.88,539.88,323.68,323.68,216.2,216.2,708.7,708.7,371.01,371.01,337.69,337.69,88.81,205.36,202.83,205.14,17.52,17.52,-0.16,-0.16,0.76,0.87,0.64,0,0,0,0,0,276.81,155.32,121.49,123,69,54,0,0,0,60,36,24,63,33,30,48.78,52.17,44.44,-1.37,-0.09,-0.69,-0.05,-2.25,-0.15,9,0.6,8.99,0.6,9.01,0.6,11.25,0.75,11.24,0.75,11.26,0.75,0.8,0.8,0.8,9.01,0.6,8.99,0.6,9.01,0.6,11.26,0.75,11.24,0.75,11.26,0.75,19,16,22,19,15,26,18,17,20,2022,5,1,all,TRUE,0.75,0.6,65,310,16,21,25,110,1,TRUE,TRUE,TRUE,0,"Changed ""ADX Smoothing"": 17 => 25."
-169.57,-169.57,-35.29,-35.29,-134.28,-134.28,584.45,584.45,343.93,343.93,240.51,240.51,754.02,754.02,379.23,379.23,374.8,374.8,108.86,81.91,231.04,207,17.36,17.36,0.17,1.45,0.78,0.91,0.64,0,0,0,0,0,202.57,110.3,92.27,90,49,41,0,0,0,45,27,18,45,22,23,50,55.1,43.9,-1.88,-0.13,-0.72,-0.05,-3.28,-0.22,12.99,0.87,12.74,0.85,13.36,0.89,16.76,1.12,17.24,1.15,16.3,1.09,0.78,0.74,0.82,23.59,1.57,12.74,0.85,23.59,1.57,17.26,1.15,17.24,1.15,17.26,1.15,44,36,53,44,33,61,43,40,47,2022,5,1,all,TRUE,1,1,57,310,16,25,15,80,1,TRUE,TRUE,TRUE,0,Changed all parameters randomly.
-174.04,-174.04,1.42,1.42,-175.47,-175.47,383.17,383.17,225.51,225.51,157.67,157.67,557.22,557.22,224.09,224.09,333.13,333.13,97.85,398.38,251.6,241.65,17.96,17.96,0.07,0.13,0.69,1.01,0.47,0,0,0,0,0,238.62,126.09,112.54,106,56,50,0,0,0,73,43,30,33,13,20,68.87,76.79,60,-1.64,-0.11,0.03,0,-3.51,-0.23,5.25,0.35,5.24,0.35,5.26,0.35,16.89,1.13,17.24,1.15,16.66,1.11,0.31,0.3,0.32,5.26,0.35,5.25,0.35,5.26,0.35,17.26,1.15,17.24,1.15,17.26,1.15,22,16,29,19,15,25,29,21,35,2022,5,1,all,TRUE,0.5,1,50,200,20,14,14,100,1,TRUE,TRUE,TRUE,0,"Changed ""Take Profit:"": 1.5 => 0.5."
-177.01,-177.01,-81.74,-81.74,-95.27,-95.27,478.4,478.4,280.24,280.24,198.16,198.16,655.41,655.41,361.98,361.98,293.43,293.43,128.56,450.64,306.29,265.51,20.19,20.19,-0.26,-0.26,0.73,0.77,0.68,0,0,0,0,0,150.76,85.49,65.27,67,38,29,0,0,0,29,17,12,38,21,17,43.28,44.74,41.38,-2.64,-0.18,-2.15,-0.14,-3.29,-0.22,16.5,1.1,16.48,1.1,16.51,1.1,17.25,1.15,17.24,1.15,17.26,1.15,0.96,0.96,0.96,16.52,1.1,16.49,1.1,16.52,1.1,17.26,1.15,17.24,1.15,17.26,1.15,39,34,46,57,45,73,26,24,28,2022,5,1,all,TRUE,1.25,1,33,100,40,21,25,200,1,TRUE,TRUE,TRUE,0,"Changed ""Stop Loss:"": 1.2 => 1."
-201.2,-201.2,-75.61,-75.61,-125.59,-125.59,254.49,254.49,164.85,164.85,89.64,89.64,455.69,455.69,240.46,240.46,215.23,215.23,34.12,5329.04,219.32,221.81,22.21,22.21,-0.15,-0.15,0.56,0.69,0.42,0,0,0,0,0,157.54,87.75,69.79,70,39,31,0,0,0,15,10,5,55,29,26,21.43,25.64,16.13,-2.87,-0.19,-1.94,-0.13,-4.05,-0.27,16.97,1.13,16.49,1.1,17.93,1.2,8.29,0.55,8.29,0.55,8.28,0.55,2.05,1.99,2.17,23.59,1.57,16.49,1.1,23.59,1.57,9.6,0.64,9.6,0.64,8.87,0.59,24,22,27,27,20,42,23,22,24,2022,5,1,all,TRUE,1.25,0.4,33,400,22,27,25,80,1,TRUE,TRUE,TRUE,0,"Changed ""Stop Loss:"": 1.2 => 0.4."
-209.44,-209.44,-83.85,-83.85,-125.59,-125.59,238.01,238.01,148.37,148.37,89.64,89.64,447.45,447.45,232.22,232.22,215.23,215.23,34.12,5329.04,227.56,230.14,22.18,22.18,-0.15,-0.15,0.53,0.64,0.42,0,0,0,0,0,153.03,83.24,69.79,68,37,31,0,0,0,14,9,5,54,28,26,20.59,24.32,16.13,-3.08,-0.21,-2.27,-0.15,-4.05,-0.27,17,1.13,16.49,1.1,17.93,1.2,8.29,0.55,8.29,0.55,8.28,0.55,2.05,1.99,2.17,23.59,1.57,16.49,1.1,23.59,1.57,9.6,0.64,9.6,0.64,8.87,0.59,24,21,27,28,21,42,23,22,24,2022,5,1,all,TRUE,1.25,0.4,33,400,22,27,21,80,1,TRUE,TRUE,TRUE,0,"Changed ""ADX Smoothing"": 25 => 21."
-209.46,-209.46,-70.36,-70.36,-139.09,-139.09,246.24,246.24,161.86,161.86,84.39,84.39,455.7,455.7,232.22,232.22,223.48,223.48,53.58,153.2,233.94,236.6,22.16,22.16,-0.03,-0.03,0.54,0.7,0.38,0,0,0,0,0,150.8,81,69.8,67,36,31,0,0,0,12,8,4,55,28,27,17.91,22.22,12.9,-3.13,-0.21,-1.95,-0.13,-4.49,-0.3,20.52,1.37,20.23,1.35,21.1,1.41,8.29,0.55,8.29,0.55,8.28,0.55,2.48,2.44,2.55,23.59,1.57,20.23,1.35,23.59,1.57,9.6,0.64,9.6,0.64,8.87,0.59,26,22,31,34,24,53,25,22,28,2022,5,1,all,TRUE,1.5,0.4,33,400,22,27,21,80,1,TRUE,TRUE,TRUE,0,"Changed ""Take Profit:"": 1.25 => 1.5."
-214.86,-214.86,-83.84,-83.84,-131.02,-131.02,60.72,60.72,40.46,40.46,20.26,20.26,275.58,275.58,124.31,124.31,151.27,151.27,41.61,166.52,212.6,215.02,19.77,19.77,-0.18,-0.18,0.22,0.33,0.13,0,0,0,0,0,81.02,38.21,42.81,36,17,19,0,0,0,3,2,1,33,15,18,8.33,11.76,5.26,-5.97,-0.4,-4.93,-0.33,-6.9,-0.46,20.24,1.35,20.23,1.35,20.26,1.35,8.35,0.56,8.29,0.55,8.4,0.56,2.42,2.44,2.41,20.26,1.35,20.23,1.35,20.26,1.35,10.95,0.73,8.87,0.59,10.95,0.73,17,16,18,30,37,17,16,13,18,2022,5,1,all,TRUE,1.5,0.4,97,160,34,15,13,200,1,TRUE,TRUE,TRUE,0,Changed all parameters randomly.
-224.67,-224.67,-97.9,-97.9,-126.77,-126.77,516.28,516.28,286.59,286.59,229.69,229.69,740.95,740.95,384.49,384.49,356.46,356.46,77.6,3590.91,246.91,249.72,17.47,17.47,-0.07,-0.13,0.7,0.75,0.64,0,0,0,0,0,209.27,112.5,96.76,93,50,43,0,0,0,41,23,18,52,27,25,44.09,46,41.86,-2.42,-0.16,-1.96,-0.13,-2.95,-0.2,12.59,0.84,12.46,0.83,12.76,0.85,14.25,0.95,14.24,0.95,14.26,0.95,0.88,0.88,0.9,12.76,0.85,12.74,0.85,12.76,0.85,14.26,0.95,14.24,0.95,14.26,0.95,26,23,30,32,25,41,22,22,22,2022,5,1,all,TRUE,1,0.8,57,310,16,21,17,140,1,TRUE,TRUE,TRUE,0,Changed all parameters randomly.
-232.68,-232.68,-98.08,-98.08,-134.6,-134.6,165.28,165.28,101.16,101.16,64.12,64.12,397.95,397.95,199.24,199.24,198.72,198.72,36.73,153.31,230.43,233.05,22.32,22.32,0.17,0.34,0.42,0.51,0.32,0,0,0,0,0,126.02,65.22,60.8,56,29,27,0,0,0,8,5,3,48,24,24,14.29,17.24,11.11,-4.15,-0.28,-3.38,-0.23,-4.99,-0.33,20.66,1.38,20.23,1.35,21.37,1.43,8.29,0.55,8.3,0.55,8.28,0.55,2.49,2.44,2.58,23.59,1.57,20.23,1.35,23.59,1.57,9.6,0.64,9.6,0.64,8.87,0.59,29,25,32,39,31,51,27,24,30,2022,5,1,all,TRUE,1.5,0.4,33,400,22,27,15,80,1,TRUE,TRUE,TRUE,0,"Changed ""Filter Value"": 16 => 22."
-239.8,-239.8,-106.25,-106.25,-133.55,-133.55,429.88,429.88,264,264,165.88,165.88,669.68,669.68,370.25,370.25,299.43,299.43,64.9,1281.33,238.02,240.73,17.68,17.68,0.14,1.62,0.64,0.71,0.55,0,0,0,0,0,184.53,107.99,76.54,82,48,34,0,0,0,35,22,13,47,26,21,42.68,45.83,38.24,-2.92,-0.19,-2.21,-0.15,-3.93,-0.26,12.28,0.82,12,0.8,12.76,0.85,14.25,0.95,14.24,0.95,14.26,0.95,0.86,0.84,0.9,12.76,0.85,12.74,0.85,12.76,0.85,14.26,0.95,14.24,0.95,14.26,0.95,26,28,23,30,32,25,23,24,22,2022,5,1,all,TRUE,1,0.8,65,280,22,15,17,155,1,TRUE,TRUE,TRUE,0,"Changed ""ADX Smoothing"": 13 => 17."
-242.71,-242.71,-160.21,-160.21,-82.5,-82.5,455.45,455.45,238.52,238.52,216.92,216.92,698.16,698.16,398.73,398.73,299.43,299.43,64.9,1124.8,240.47,243.21,17.72,17.72,0.16,1.22,0.65,0.6,0.72,0,0,0,0,0,193.44,107.95,85.49,86,48,38,0,0,0,37,20,17,49,28,21,43.02,41.67,44.74,-2.82,-0.19,-3.34,-0.22,-2.17,-0.14,12.31,0.82,11.93,0.8,12.76,0.85,14.25,0.95,14.24,0.95,14.26,0.95,0.86,0.84,0.9,12.76,0.85,12.74,0.85,12.76,0.85,14.26,0.95,14.24,0.95,14.26,0.95,25,26,23,28,31,24,23,23,22,2022,5,1,all,TRUE,1,0.8,65,280,22,15,13,155,1,TRUE,TRUE,TRUE,0,Changed all parameters randomly.
-248.5,-248.5,-107.8,-107.8,-140.7,-140.7,506.72,506.72,262.44,262.44,244.28,244.28,755.22,755.22,370.24,370.24,384.97,384.97,64.93,367.01,269.47,272.54,20.29,20.29,-0.07,-0.08,0.67,0.71,0.64,0,0,0,0,0,211.51,105.74,105.77,94,47,47,0,0,0,41,21,20,53,26,27,43.62,44.68,42.55,-2.64,-0.18,-2.29,-0.15,-2.99,-0.2,12.36,0.82,12.5,0.83,12.21,0.81,14.25,0.95,14.24,0.95,14.26,0.95,0.87,0.88,0.86,12.76,0.85,12.74,0.85,12.76,0.85,14.26,0.95,14.24,0.95,14.26,0.95,27,27,28,31,31,31,25,25,25,2022,5,1,all,TRUE,1,0.8,33,400,13,25,11,170,1,TRUE,TRUE,TRUE,0,Changed all parameters randomly.
-248.9,-248.9,-197.18,-197.18,-51.72,-51.72,408.02,408.02,178.33,178.33,229.69,229.69,656.92,656.92,375.52,375.52,281.4,281.4,64.93,326.16,269.87,272.94,17.61,17.61,0.04,0.06,0.62,0.48,0.82,0,0,0,0,0,202.38,105.67,96.71,90,47,43,0,0,0,32,14,18,58,33,25,35.56,29.79,41.86,-2.77,-0.18,-4.2,-0.28,-1.2,-0.08,12.75,0.85,12.74,0.85,12.76,0.85,11.33,0.76,11.38,0.76,11.26,0.75,1.13,1.12,1.13,12.76,0.85,12.74,0.85,12.76,0.85,15.75,1.05,15.75,1.05,11.26,0.75,20,17,23,24,20,28,18,16,20,2022,5,1,all,TRUE,1,0.6,57,160,34,7,19,185,1,TRUE,TRUE,TRUE,0,Changed all parameters randomly.
-293.23,-293.23,-149.2,-149.2,-144.03,-144.03,461.92,461.92,263.76,263.76,198.16,198.16,755.15,755.15,412.96,412.96,342.19,342.19,67.15,1523.26,290.99,294.3,17.82,17.82,0.02,0.03,0.61,0.64,0.58,0,0,0,0,0,182.25,101.21,81.04,81,45,36,0,0,0,28,16,12,53,29,24,34.57,35.56,33.33,-3.62,-0.24,-3.32,-0.22,-4,-0.27,16.5,1.1,16.49,1.1,16.51,1.1,14.25,0.95,14.24,0.95,14.26,0.95,1.16,1.16,1.16,16.52,1.1,16.49,1.1,16.52,1.1,14.26,0.95,14.24,0.95,14.26,0.95,32,33,30,47,55,37,23,20,27,2022,5,1,all,TRUE,1.25,0.8,97,280,16,28,21,185,1,TRUE,TRUE,TRUE,0,Changed all parameters randomly.
-340.19,-340.19,-82.51,-82.51,-257.68,-257.68,448.63,448.63,323.71,323.71,124.92,124.92,788.81,788.81,406.22,406.22,382.6,382.6,101.54,793.55,365.79,369.95,22.22,22.22,0.11,0.37,0.57,0.8,0.33,0,0,0,0,0,263.38,146.29,117.09,117,65,52,0,0,0,22,16,6,95,49,46,18.8,24.62,11.54,-2.91,-0.19,-1.27,-0.08,-4.96,-0.33,20.39,1.36,20.23,1.35,20.82,1.39,8.3,0.55,8.29,0.55,8.32,0.55,2.46,2.44,2.5,23.59,1.57,20.23,1.35,23.59,1.57,10.54,0.7,9.6,0.64,10.54,0.7,25,22,30,39,31,59,22,19,26,2022,5,1,all,TRUE,1.5,0.4,33,400,16,27,21,80,1,TRUE,TRUE,TRUE,0,"Changed ""Filter Value"": 22 => 16."
-351.3,-351.3,-181.42,-181.42,-169.88,-169.88,355.8,355.8,234.22,234.22,121.59,121.59,707.1,707.1,415.63,415.63,291.47,291.47,52.89,664.1,349.05,353.02,17.64,17.64,-0.02,-0.03,0.5,0.56,0.42,0,0,0,0,0,231.76,139.46,92.3,103,62,41,0,0,0,18,12,6,85,50,35,17.48,19.35,14.63,-3.41,-0.23,-2.93,-0.2,-4.14,-0.28,19.77,1.32,19.52,1.3,20.26,1.35,8.32,0.55,8.31,0.55,8.33,0.56,2.38,2.35,2.43,20.27,1.35,20.23,1.35,20.27,1.35,10.82,0.72,9.76,0.65,10.82,0.72,20,21,19,46,54,30,15,13,17,2022,5,1,all,TRUE,1.5,0.4,50,200,20,14,14,100,1,TRUE,TRUE,TRUE,0,"Changed ""Stop Loss:"": 1 => 0.4."
-359.68,-359.68,-89.99,-89.99,-269.69,-269.69,387.9,387.9,283.25,283.25,104.65,104.65,747.58,747.58,373.24,373.24,374.34,374.34,77.55,768.85,385.28,389.67,22.26,22.26,-0.16,-0.16,0.52,0.76,0.28,0,0,0,0,0,245.38,132.77,112.61,109,59,50,0,0,0,19,14,5,90,45,45,17.43,23.73,10,-3.3,-0.22,-1.53,-0.1,-5.39,-0.36,20.42,1.36,20.23,1.35,20.93,1.4,8.31,0.55,8.29,0.55,8.32,0.55,2.46,2.44,2.52,23.59,1.57,20.23,1.35,23.59,1.57,10.54,0.7,9.6,0.64,10.54,0.7,26,22,30,40,32,64,23,20,26,2022,5,1,all,TRUE,1.5,0.4,33,400,16,27,15,80,1,TRUE,TRUE,TRUE,0,"Changed ""ADX Smoothing"": 21 => 15."
-413.17,-413.17,-142.26,-142.26,-270.91,-270.91,509.36,509.36,364.17,364.17,145.18,145.18,922.53,922.53,506.44,506.44,416.09,416.09,49.07,120.98,430.52,435.42,17.49,17.49,-0.13,-0.13,0.55,0.72,0.35,0,0,0,0,0,306.11,177.76,128.34,136,79,57,0,0,0,25,18,7,111,61,50,18.38,22.78,12.28,-3.04,-0.2,-1.8,-0.12,-4.75,-0.32,20.37,1.36,20.23,1.35,20.74,1.38,8.31,0.55,8.3,0.55,8.32,0.55,2.45,2.44,2.49,23.59,1.57,20.23,1.35,23.59,1.57,10.54,0.7,9.6,0.64,10.54,0.7,23,21,26,34,31,42,21,19,23,2022,5,1,all,TRUE,1.5,0.4,49,310,28,7,9,80,1,TRUE,TRUE,TRUE,0,Changed all parameters randomly.
-425.07,-425.07,-168.47,-168.47,-256.59,-256.59,482.49,482.49,280.24,280.24,202.25,202.25,907.55,907.55,448.71,448.71,458.84,458.84,56.61,18222.24,435.55,390.23,17.75,17.75,-0.15,-0.15,0.53,0.63,0.44,0,0,0,0,0,328.55,170.99,157.56,146,76,70,0,0,0,37,22,15,109,54,55,25.34,28.95,21.43,-2.91,-0.19,-2.22,-0.15,-3.67,-0.24,13.04,0.87,12.74,0.85,13.48,0.9,8.33,0.56,8.31,0.55,8.34,0.56,1.57,1.53,1.62,23.59,1.57,12.74,0.85,23.59,1.57,10.82,0.72,9.6,0.64,10.82,0.72,17,14,20,25,21,31,14,11,17,2022,5,1,all,TRUE,1,0.4,73,220,19,13,15,95,1,TRUE,TRUE,TRUE,0,Changed all parameters randomly.
-484.15,-484.15,-191.22,-191.22,-292.93,-292.93,534.88,534.88,362.67,362.67,172.21,172.21,1019.03,1019.03,553.89,553.89,465.14,465.14,83.57,494.4,481.9,487.38,17.26,17.26,0.17,6.97,0.53,0.66,0.37,0,0,0,0,0,346.59,197.99,148.6,154,88,66,0,0,0,32,22,10,122,66,56,20.78,25,15.15,-3.14,-0.21,-2.17,-0.14,-4.44,-0.3,16.72,1.11,16.49,1.1,17.22,1.15,8.35,0.56,8.39,0.56,8.31,0.55,2,1.96,2.07,23.59,1.57,16.49,1.1,23.59,1.57,14.18,0.95,14.18,0.95,10.54,0.7,23,19,30,32,26,44,21,16,27,2022,5,1,all,TRUE,1.25,0.4,57,190,13,11,19,65,1,TRUE,TRUE,TRUE,0,"Changed ""Period"": 95 => 65."
-507.59,-507.59,-201.79,-201.79,-305.81,-305.81,633.94,633.94,379.16,379.16,254.78,254.78,1141.53,1141.53,580.95,580.95,560.59,560.59,65.96,485.66,525.68,455.68,20.21,20.21,0.04,0.07,0.56,0.65,0.45,0,0,0,0,0,393.81,209.24,184.58,175,93,82,0,0,0,38,23,15,137,70,67,21.71,24.73,18.29,-2.9,-0.19,-2.17,-0.14,-3.73,-0.25,16.68,1.11,16.49,1.1,16.99,1.13,8.33,0.56,8.3,0.55,8.37,0.56,2,1.99,2.03,23.59,1.57,16.49,1.1,23.59,1.57,10.95,0.73,9.6,0.64,10.95,0.73,22,18,26,29,25,36,20,16,23,2022,5,1,all,TRUE,1.25,0.4,57,190,13,11,19,95,1,TRUE,TRUE,TRUE,0,"Changed ""Filter Value"": 37 => 13."